Classification Level,Count
Streptomyces albogriseolus,58
Nocardia cyriacigeorgica,164
Nocardia nova,98
Kytococcus sedentarius,29
Nocardiopsis dassonvillei,139
Pseudarthrobacter sulfonivorans,60
Micrococcus yunnanensis,154
Streptomyces xantholiticus,22
Arthrobacter ramosus,40
Isoptericola variabilis,31
Streptomyces enissocaesilis,41
Gordonia sputi,49
Glutamicibacter protophormiae,35
Streptomyces venezuelae,46
Trueperella pyogenes,141
Streptomyces anulatus,86
Streptomyces acidiscabies,37
Mobiluncus curtisii,21
Streptomyces thermoviolaceus,26
Streptomyces atroolivaceus,27
Streptomyces mirabilis,24
Streptomyces platensis,49
Kocuria rosea,140
Rhodococcus erythropolis,305
Micrococcus luteus,446
Streptomyces lavendulae,70
Pseudarthrobacter defluvii,26
Streptomyces zaomyceticus,52
Streptomyces pratensis,69
Arthrobacter woluwensis,26
Rhodococcus rhodochrous,52
Streptomyces globisporus,72
Lysinimonas sp. LM-2018,103
Streptomyces avermitilis,45
Streptomyces cavourensis,43
Streptomyces cellulosae,31
Kocuria palustris,136
Streptomyces toxytricini,27
Micromonospora coxensis,59
Streptomyces hygroscopicus,90
Pseudarthrobacter oxydans,211
Streptomyces hiroshimensis,39
Thermobifida fusca,29
Glutamicibacter arilaitensis,65
Streptomyces griseorubens,63
Pseudarthrobacter phenanthrenivorans,52
Nocardia asiatica,20
Streptomyces albidoflavus,219
Streptomyces puniceus,40
Salinispora pacifica,55
Streptomyces griseus,245
Streptomyces virginiae,39
Nocardia beijingensis,33
Dietzia maris,95
Kocuria polaris,29
Pseudarthrobacter scleromae,44
Nocardiopsis lucentensis,29
Streptomyces exfoliatus,46
Rothia mucilaginosa,59
Streptomyces antibioticus,31
Sinomonas atrocyanea,26
Arthrobacter oryzae,61
Actinotignum schaalii,30
Streptomyces parvus,36
Rhodococcus hoagii,145
Saccharomonospora xinjiangensis,30
Nocardia carnea,29
Streptomyces variabilis,102
Gordonia alkanivorans,27
Streptomyces rishiriensis,23
Nocardiopsis aegyptia,26
Streptomyces scabiei,179
Gordonia malaquae,21
Amycolatopsis coloradensis,36
Streptomyces cirratus,60
Streptomyces flavovirens,75
Gordonia amarae,34
Streptomyces prunicolor,27
Gordonia polyisoprenivorans,42
Rhodococcus pyridinivorans,42
Arthrobacter humicola,36
Nocardioides albus,34
Micrococcus endophyticus,30
Nocardia farcinica,101
Kocuria marina,52
Streptomyces parvulus,43
Embleya scabrispora,22
Streptomyces albus,84
Arthrobacter globiformis,96
Streptomyces aureus,56
Streptomyces rubrolavendulae,20
Leifsonia xyli,24
Rhodococcus fascians,65
Rhodococcus qingshengii,92
Streptomyces microflavus,154
Nocardia salmonicida subsp. cummidelens,26
Tsukamurella tyrosinosolvens,67
Rhodococcus opacus,50
Streptomyces goshikiensis,40
Streptomyces thermocarboxydus,57
Streptomyces olivochromogenes,57
Alloscardovia omnicolens,23
Cellulosimicrobium cellulans,105
Streptomyces xanthophaeus,25
Streptomyces griseoflavus,21
Janibacter limosus,20
Janibacter melonis,29
Cellulomonas hominis,51
Streptomyces globosus,29
Streptomyces rochei,124
Streptomyces somaliensis,46
Streptomyces avidinii,96
Kocuria carniphila,20
Micromonospora saelicesensis,25
Rhodococcus ruber,121
Streptomyces stelliscabiei,20
Gordonia amicalis,20
Streptomyces phaeochromogenes,98
Streptomyces tendae,51
Clavibacter michiganensis,176
Streptomyces atrovirens,27
Streptomyces atratus,38
Arthrobacter crystallopoietes,44
Glutamicibacter nicotianae,87
Nocardiopsis alba,118
Streptomyces diastaticus,30
Streptomyces koyangensis,25
Nocardia brasiliensis,73
Streptomyces bungoensis,20
Nocardia seriolae,50
Rhodococcus koreensis,23
Arthrobacter pascens,91
Nocardia abscessus,27
Microbispora rosea,39
Paenarthrobacter nitroguajacolicus,107
Salinispora arenicola,102
Streptomyces rimosus,46
Streptomyces agglomeratus,38
Streptomyces europaeiscabiei,43
Streptomyces turgidiscabies,58
Streptomyces caeruleatus,22
Micromonospora echinospora,48
Streptomyces mutabilis,125
Micrococcus aloeverae,41
Actinomyces naeslundii,51
Nocardia puris,21
Micromonospora aurantiaca,34
Gordonia bronchialis,35
Streptomyces lividans,34
Streptomyces spororaveus,59
Dietzia natronolimnaea,40
Actinomyces radicidentis,20
Kocuria flava,42
Streptomyces violaceoruber,37
Pseudarthrobacter siccitolerans,94
Rothia nasimurium,35
Gardnerella vaginalis,63
Streptomyces radiopugnans,26
Streptomyces aurantiacus,39
Streptomyces thermogriseus,24
Streptomyces seoulensis,20
Streptomyces coelicoflavus,34
Actinobaculum massiliense,36
Streptomyces lienomycini,23
Arthrobacter agilis,77
Micrococcus lylae,33
Paenarthrobacter nicotinovorans,75
Rothia dentocariosa,38
Streptomyces chartreusis,36
Streptomyces spiroverticillatus,28
Streptomyces griseoaurantiacus,22
Streptomyces finlayi,42
Streptomyces lincolnensis,22
Rhodococcus corynebacterioides,37
Streptomyces olivaceus,55
Micromonospora chokoriensis,42
Streptomyces lunaelactis,30
Streptomyces diastatochromogenes,37
Streptomyces fradiae,89
Agromyces mediolanus,24
Nocardia otitidiscaviarum,47
Streptomyces ambofaciens,47
Streptomyces malaysiensis,29
Micromonospora carbonacea,26
Lentzea aerocolonigenes,25
Kitasatospora aureofaciens,47
Streptomyces lydicus,32
Rothia kristinae,41
Cellulosimicrobium funkei,61
Paeniglutamicibacter sulfureus,25
Arthrobacter alpinus,44
Streptomyces griseoruber,27
Streptomyces collinus,23
Actinomyces oris,40
Agrococcus jenensis,30
Nocardia transvalensis,28
Streptomyces griseoplanus,36
Streptomyces pseudogriseolus,32
Nocardia asteroides,64
Kocuria rhizophila,98
Streptomyces humidus,21
Streptomyces violascens,30
Streptomyces carpaticus,21
Streptomyces vinaceus,31
Streptomyces niveus,31
Streptomyces badius,26
Leucobacter komagatae,25
Streptomyces netropsis,39
Rhodococcus aetherivorans,27
Pseudarthrobacter chlorophenolicus,26
Streptomyces flavotricini,38
Streptomyces griseorubiginosus,48
Kocuria turfanensis,23
Gordonia terrae,86
Saccharomonospora viridis,28
Rothia aeria,24
Streptomyces viridochromogenes,28
Micromonospora chaiyaphumensis,37
Streptomyces cyaneofuscatus,38
Streptomyces pactum,53
Tsukamurella pulmonis,41
Nocardia rhamnosiphila,22
Dermacoccus nishinomiyaensis,27
Streptomyces pseudovenezuelae,24
Streptomyces cinnamoneus,22
Streptomyces bottropensis,26
Schaalia odontolytica,26
Streptomyces canus,39
Streptomyces albulus,27
Streptomyces bacillaris,35
Pseudonocardia carboxydivorans,21
Arthrobacter flavus,26
Amycolatopsis orientalis,22
Streptomyces corchorusii,24
synthetic construct,26
Plantibacter flavus,23
Paenarthrobacter aurescens,49
Micromonospora purpureochromogenes,25
Streptomyces abikoensis,39
Streptomyces drozdowiczii,30
Streptomyces ossamyceticus,21
Nocardiopsis salina,22
Micromonospora chersina,23
Candidatus Streptomyces philanthi bv. triangulum diadema,21
Streptomyces macrosporeus,23
Streptomyces misionensis,22
